FlightID,FlightNum,DepartureTime,ArrivalTime,Destination,Origin,Status,AircraftID
FL0001,KE218,2025-10-22 05:07:49.119129,2025-10-22 06:07:49.119129,Dubai,Tan Son Nhat International Airport,Arrived,AC035
FL0002,QF859,2025-11-02 05:14:49.119129,2025-11-02 12:14:49.119129,Da Nang,Tan Son Nhat International Airport,Boarding,AC040
FL0003,BA968,2025-10-13 08:23:49.119129,2025-10-13 13:23:49.119129,Melbourne,Tan Son Nhat International Airport,Departed,AC045
FL0004,KE230,2025-10-16 12:33:49.119129,2025-10-16 19:33:49.119129,Melbourne,Tan Son Nhat International Airport,Delayed,AC040
FL0005,QR515,2025-10-26 23:10:49.119129,2025-10-27 04:10:49.119129,Singapore,Tan Son Nhat International Airport,Arrived,AC039
FL0006,EK576,2025-10-24 13:34:49.119129,2025-10-24 17:34:49.119129,London,Tan Son Nhat International Airport,Delayed,AC043
FL0007,QR627,2025-10-31 08:56:49.119129,2025-10-31 12:56:49.119129,Melbourne,Tan Son Nhat International Airport,Delayed,AC010
FL0008,VN350,2025-10-25 01:20:49.119129,2025-10-25 08:20:49.119129,Melbourne,Tan Son Nhat International Airport,Departed,AC032
FL0009,SQ251,2025-10-29 23:48:49.119129,2025-10-30 01:48:49.119129,Hong Kong,Tan Son Nhat International Airport,Delayed,AC045
FL0010,JL151,2025-10-27 06:49:49.119129,2025-10-27 08:49:49.119129,Paris,Tan Son Nhat International Airport,Departed,AC043
FL0011,KE709,2025-10-20 13:30:49.119129,2025-10-21 01:30:49.119129,London,Tan Son Nhat International Airport,Arrived,AC029
FL0012,QH861,2025-11-06 14:19:49.119129,2025-11-06 19:19:49.119129,Hong Kong,Tan Son Nhat International Airport,Boarding,AC050
FL0013,KE596,2025-10-30 06:08:49.119129,2025-10-30 14:08:49.119129,Da Nang,Tan Son Nhat International Airport,Delayed,AC018
FL0014,EK653,2025-10-12 03:00:49.119129,2025-10-12 07:00:49.119129,Seoul,Tan Son Nhat International Airport,Delayed,AC005
FL0015,TG438,2025-10-27 13:17:49.119129,2025-10-27 14:17:49.119129,Singapore,Tan Son Nhat International Airport,Departed,AC050
FL0016,QF120,2025-11-06 11:21:49.119129,2025-11-06 12:21:49.119129,Tokyo,Tan Son Nhat International Airport,Departed,AC027
FL0017,QF852,2025-10-27 06:22:49.119129,2025-10-27 10:22:49.119129,Bangkok,Tan Son Nhat International Airport,On Time,AC025
FL0018,BA795,2025-11-04 11:37:49.119129,2025-11-04 14:37:49.119129,Taipei,Tan Son Nhat International Airport,Delayed,AC040
FL0019,VN503,2025-10-27 22:56:49.119129,2025-10-28 09:56:49.119129,Seoul,Tan Son Nhat International Airport,Departed,AC012
FL0020,QR488,2025-10-20 05:20:49.119129,2025-10-20 11:20:49.119129,Tokyo,Tan Son Nhat International Airport,Departed,AC018
FL0021,BR531,2025-10-18 01:21:49.119129,2025-10-18 02:21:49.119129,Dubai,Tan Son Nhat International Airport,Boarding,AC015
FL0022,VJ899,2025-11-09 00:39:49.119129,2025-11-09 01:39:49.119129,Singapore,Tan Son Nhat International Airport,On Time,AC040
FL0023,SQ229,2025-10-25 02:27:49.119129,2025-10-25 06:27:49.119129,Paris,Tan Son Nhat International Airport,Boarding,AC011
FL0024,AF865,2025-11-01 02:40:49.119129,2025-11-01 05:40:49.119129,Bangkok,Tan Son Nhat International Airport,On Time,AC020
FL0025,BA484,2025-10-22 04:55:49.119129,2025-10-22 14:55:49.119129,Dubai,Tan Son Nhat International Airport,Delayed,AC007
FL0026,CX408,2025-11-06 02:41:49.119129,2025-11-06 12:41:49.119129,Hong Kong,Tan Son Nhat International Airport,Cancelled,AC035
FL0027,BA479,2025-10-12 15:32:49.119129,2025-10-12 21:32:49.119129,Hanoi,Tan Son Nhat International Airport,Departed,AC007
FL0028,EK750,2025-11-07 13:36:49.119129,2025-11-07 16:36:49.119129,Seoul,Tan Son Nhat International Airport,Arrived,AC042
FL0029,AF927,2025-11-08 16:40:49.119129,2025-11-09 00:40:49.119129,Paris,Tan Son Nhat International Airport,Arrived,AC018
FL0030,BR351,2025-11-05 01:08:49.119129,2025-11-05 09:08:49.119129,Singapore,Tan Son Nhat International Airport,Arrived,AC040
FL0031,TG444,2025-10-10 14:45:49.119129,2025-10-10 20:45:49.119129,Phu Quoc,Tan Son Nhat International Airport,Boarding,AC017
FL0032,QR710,2025-11-01 07:26:49.119129,2025-11-01 08:26:49.119129,London,Tan Son Nhat International Airport,On Time,AC016
FL0033,TG600,2025-10-27 06:35:49.119129,2025-10-27 14:35:49.119129,Melbourne,Tan Son Nhat International Airport,Departed,AC002
FL0034,QR326,2025-10-22 06:10:49.119129,2025-10-22 17:10:49.119129,Sydney,Tan Son Nhat International Airport,Arrived,AC034
FL0035,TG863,2025-10-27 09:13:49.119129,2025-10-27 21:13:49.119129,Paris,Tan Son Nhat International Airport,Boarding,AC015
FL0036,QF297,2025-10-20 02:38:49.119129,2025-10-20 11:38:49.119129,Hong Kong,Tan Son Nhat International Airport,Delayed,AC014
FL0037,JL383,2025-11-02 15:29:49.119129,2025-11-02 20:29:49.119129,Da Nang,Tan Son Nhat International Airport,Boarding,AC015
FL0038,QH409,2025-10-10 15:59:49.119129,2025-10-10 20:59:49.119129,Hanoi,Tan Son Nhat International Airport,Arrived,AC019
FL0039,QH753,2025-11-06 13:57:49.119129,2025-11-06 14:57:49.119129,Sydney,Tan Son Nhat International Airport,Departed,AC029
FL0040,QH152,2025-10-18 13:58:49.119129,2025-10-18 15:58:49.119129,Seoul,Tan Son Nhat International Airport,Arrived,AC041
FL0041,VN255,2025-10-14 07:56:49.119129,2025-10-14 11:56:49.119129,Da Nang,Tan Son Nhat International Airport,Departed,AC039
FL0042,CX733,2025-10-17 15:15:49.119129,2025-10-17 23:15:49.119129,Paris,Tan Son Nhat International Airport,Arrived,AC028
FL0043,AF735,2025-10-11 02:39:49.119129,2025-10-11 06:39:49.119129,Melbourne,Tan Son Nhat International Airport,On Time,AC011
FL0044,QH665,2025-10-12 03:51:49.119129,2025-10-12 10:51:49.119129,Paris,Tan Son Nhat International Airport,Departed,AC019
FL0045,SQ395,2025-11-01 08:35:49.119129,2025-11-01 16:35:49.119129,Da Nang,Tan Son Nhat International Airport,Boarding,AC041
FL0046,BA923,2025-11-08 05:18:49.119129,2025-11-08 07:18:49.119129,London,Tan Son Nhat International Airport,Delayed,AC018
FL0047,QH173,2025-10-11 04:41:49.119129,2025-10-11 09:41:49.119129,Sydney,Tan Son Nhat International Airport,Arrived,AC019
FL0048,VJ579,2025-11-01 08:35:49.119129,2025-11-01 15:35:49.119129,Bangkok,Tan Son Nhat International Airport,Departed,AC029
FL0049,AF140,2025-11-07 12:38:49.119129,2025-11-07 18:38:49.119129,Sydney,Tan Son Nhat International Airport,On Time,AC015
FL0050,BR981,2025-10-27 23:39:49.119129,2025-10-28 10:39:49.119129,Taipei,Tan Son Nhat International Airport,On Time,AC049
FL0051,QH581,2025-10-26 13:49:49.119129,2025-10-26 18:49:49.119129,Phu Quoc,Tan Son Nhat International Airport,Departed,AC041
FL0052,JL193,2025-10-25 10:17:49.119129,2025-10-25 16:17:49.119129,Tokyo,Tan Son Nhat International Airport,Delayed,AC022
FL0053,QF607,2025-10-19 11:43:49.119129,2025-10-19 20:43:49.119129,Hanoi,Tan Son Nhat International Airport,Boarding,AC017
FL0054,VJ891,2025-10-22 15:43:49.119129,2025-10-22 16:43:49.119129,Melbourne,Tan Son Nhat International Airport,Departed,AC027
FL0055,SQ630,2025-10-21 14:31:49.119129,2025-10-21 22:31:49.119129,Hong Kong,Tan Son Nhat International Airport,Cancelled,AC018
FL0056,QH394,2025-10-24 13:58:49.119129,2025-10-24 14:58:49.119129,Melbourne,Tan Son Nhat International Airport,Delayed,AC046
FL0057,QR664,2025-10-10 16:17:49.119129,2025-10-10 18:17:49.119129,Singapore,Tan Son Nhat International Airport,On Time,AC030
FL0058,BA952,2025-10-14 14:50:49.119129,2025-10-15 02:50:49.119129,Bangkok,Tan Son Nhat International Airport,Boarding,AC027
FL0059,JL583,2025-10-17 13:26:49.119129,2025-10-17 16:26:49.119129,Seoul,Tan Son Nhat International Airport,Arrived,AC033
FL0060,QH984,2025-10-12 07:40:49.119129,2025-10-12 14:40:49.119129,Tokyo,Tan Son Nhat International Airport,Arrived,AC018
FL0061,VN389,2025-11-02 08:44:49.119129,2025-11-02 18:44:49.119129,Sydney,Tan Son Nhat International Airport,Departed,AC010
FL0062,KE595,2025-10-21 09:26:49.119129,2025-10-21 18:26:49.119129,Seoul,Tan Son Nhat International Airport,Boarding,AC013
FL0063,SQ685,2025-10-22 06:45:49.119129,2025-10-22 13:45:49.119129,Hanoi,Tan Son Nhat International Airport,Departed,AC046
FL0064,CX490,2025-10-22 03:22:49.119129,2025-10-22 04:22:49.119129,Phu Quoc,Tan Son Nhat International Airport,Arrived,AC022
FL0065,VJ995,2025-11-06 12:57:49.119129,2025-11-06 21:57:49.119129,Paris,Tan Son Nhat International Airport,Cancelled,AC010
FL0066,BR770,2025-10-14 01:21:49.119129,2025-10-14 06:21:49.119129,Tokyo,Tan Son Nhat International Airport,Departed,AC042
FL0067,BR436,2025-11-06 16:15:49.119129,2025-11-06 22:15:49.119129,Melbourne,Tan Son Nhat International Airport,Departed,AC035
FL0068,AF170,2025-10-17 08:05:49.119129,2025-10-17 20:05:49.119129,Da Nang,Tan Son Nhat International Airport,On Time,AC049
FL0069,QF993,2025-10-13 13:01:49.119129,2025-10-14 01:01:49.119129,Bangkok,Tan Son Nhat International Airport,On Time,AC021
FL0070,VN400,2025-10-21 10:18:49.119129,2025-10-21 13:18:49.119129,Singapore,Tan Son Nhat International Airport,Arrived,AC044
FL0071,QH274,2025-10-15 01:30:49.119129,2025-10-15 08:30:49.119129,Sydney,Tan Son Nhat International Airport,Departed,AC038
FL0072,SQ572,2025-10-30 07:20:49.119129,2025-10-30 12:20:49.119129,Melbourne,Tan Son Nhat International Airport,Cancelled,AC030
FL0073,QR793,2025-10-27 03:55:49.119129,2025-10-27 11:55:49.119129,Tokyo,Tan Son Nhat International Airport,Boarding,AC041
FL0074,QF356,2025-10-24 08:03:49.119129,2025-10-24 15:03:49.119129,Taipei,Tan Son Nhat International Airport,Delayed,AC025
FL0075,EK688,2025-10-19 07:52:49.119129,2025-10-19 18:52:49.119129,Seoul,Tan Son Nhat International Airport,Arrived,AC044
FL0076,QF150,2025-11-08 14:44:49.119129,2025-11-08 19:44:49.119129,Hong Kong,Tan Son Nhat International Airport,Arrived,AC023
FL0077,BA294,2025-10-29 07:34:49.119129,2025-10-29 19:34:49.119129,Hong Kong,Tan Son Nhat International Airport,Delayed,AC041
FL0078,BA761,2025-10-11 08:41:49.119129,2025-10-11 16:41:49.119129,Hanoi,Tan Son Nhat International Airport,Delayed,AC006
FL0079,QR434,2025-11-02 12:02:49.119129,2025-11-02 16:02:49.119129,Phu Quoc,Tan Son Nhat International Airport,Boarding,AC034
FL0080,QR950,2025-10-15 07:49:49.119129,2025-10-15 15:49:49.119129,Hong Kong,Tan Son Nhat International Airport,Boarding,AC008
FL0081,VJ244,2025-11-03 06:46:49.119129,2025-11-03 17:46:49.119129,Dubai,Tan Son Nhat International Airport,Departed,AC036
FL0082,VJ909,2025-10-21 23:07:49.119129,2025-10-22 08:07:49.119129,Da Nang,Tan Son Nhat International Airport,Boarding,AC038
FL0083,BR753,2025-11-09 09:57:49.119129,2025-11-09 20:57:49.119129,Singapore,Tan Son Nhat International Airport,Arrived,AC036
FL0084,AF326,2025-10-30 01:31:49.119129,2025-10-30 09:31:49.119129,Dubai,Tan Son Nhat International Airport,Departed,AC008
FL0085,VN138,2025-10-19 13:58:49.119129,2025-10-19 15:58:49.119129,Singapore,Tan Son Nhat International Airport,Delayed,AC025
FL0086,EK786,2025-11-09 16:17:49.119129,2025-11-10 02:17:49.119129,Dubai,Tan Son Nhat International Airport,Departed,AC042
FL0087,BR601,2025-10-29 12:08:49.119129,2025-10-29 13:08:49.119129,Dubai,Tan Son Nhat International Airport,Departed,AC029
FL0088,BR471,2025-10-13 10:25:49.119129,2025-10-13 21:25:49.119129,Tokyo,Tan Son Nhat International Airport,Cancelled,AC018
FL0089,VJ968,2025-11-05 12:56:49.119129,2025-11-05 23:56:49.119129,Singapore,Tan Son Nhat International Airport,Arrived,AC002
FL0090,CX441,2025-10-17 03:41:49.119129,2025-10-17 13:41:49.119129,Singapore,Tan Son Nhat International Airport,Cancelled,AC049
FL0091,SQ700,2025-10-16 06:12:49.119129,2025-10-16 09:12:49.119129,Hong Kong,Tan Son Nhat International Airport,On Time,AC018
FL0092,QH233,2025-10-27 07:42:49.119129,2025-10-27 10:42:49.119129,Da Nang,Tan Son Nhat International Airport,On Time,AC009
FL0093,EK908,2025-11-04 06:28:49.119129,2025-11-04 12:28:49.119129,Hanoi,Tan Son Nhat International Airport,On Time,AC009
FL0094,TG638,2025-10-13 01:21:49.119129,2025-10-13 09:21:49.119129,Hong Kong,Tan Son Nhat International Airport,Arrived,AC007
FL0095,KE326,2025-11-09 00:37:49.119129,2025-11-09 11:37:49.119129,London,Tan Son Nhat International Airport,On Time,AC004
FL0096,BR511,2025-10-23 02:22:49.119129,2025-10-23 14:22:49.119129,Paris,Tan Son Nhat International Airport,Cancelled,AC006
FL0097,AF251,2025-10-12 03:08:49.119129,2025-10-12 13:08:49.119129,Melbourne,Tan Son Nhat International Airport,Boarding,AC025
FL0098,KE401,2025-10-24 15:29:49.119129,2025-10-24 22:29:49.119129,Da Nang,Tan Son Nhat International Airport,On Time,AC042
FL0099,CX664,2025-11-02 05:18:49.119129,2025-11-02 13:18:49.119129,Singapore,Tan Son Nhat International Airport,Departed,AC026
FL0100,QF197,2025-10-20 12:11:49.119129,2025-10-20 23:11:49.119129,Bangkok,Tan Son Nhat International Airport,Delayed,AC044
FL0101,VJ193,2025-11-05 00:56:49.119129,2025-11-05 07:56:49.119129,Da Nang,Tan Son Nhat International Airport,Boarding,AC009
FL0102,VN700,2025-11-09 16:26:49.119129,2025-11-09 22:26:49.119129,Melbourne,Tan Son Nhat International Airport,Boarding,AC043
FL0103,TG988,2025-11-08 00:09:49.119129,2025-11-08 10:09:49.119129,Bangkok,Tan Son Nhat International Airport,Arrived,AC033
FL0104,QH772,2025-10-25 06:45:49.119129,2025-10-25 08:45:49.119129,Tokyo,Tan Son Nhat International Airport,Boarding,AC008
FL0105,QR687,2025-10-17 12:45:49.119129,2025-10-17 21:45:49.119129,Hong Kong,Tan Son Nhat International Airport,Arrived,AC044
FL0106,KE126,2025-10-29 06:52:49.119129,2025-10-29 09:52:49.119129,Bangkok,Tan Son Nhat International Airport,Boarding,AC022
FL0107,VN285,2025-11-06 03:27:49.119129,2025-11-06 14:27:49.119129,Seoul,Tan Son Nhat International Airport,Cancelled,AC048
FL0108,VN193,2025-11-02 15:04:49.119129,2025-11-02 22:04:49.119129,Seoul,Tan Son Nhat International Airport,Delayed,AC024
FL0109,QF432,2025-11-03 01:47:49.119129,2025-11-03 02:47:49.119129,Phu Quoc,Tan Son Nhat International Airport,Arrived,AC004
FL0110,VJ378,2025-10-24 12:22:49.119129,2025-10-24 22:22:49.119129,Paris,Tan Son Nhat International Airport,Delayed,AC049
FL0111,VJ453,2025-10-23 02:09:49.119129,2025-10-23 13:09:49.119129,Melbourne,Tan Son Nhat International Airport,Arrived,AC043
FL0112,VN325,2025-10-21 23:51:49.119129,2025-10-22 03:51:49.119129,Bangkok,Tan Son Nhat International Airport,Delayed,AC049
FL0113,QR435,2025-10-12 23:22:49.119129,2025-10-13 11:22:49.119129,Seoul,Tan Son Nhat International Airport,Departed,AC035
FL0114,SQ612,2025-10-27 09:55:49.119129,2025-10-27 16:55:49.119129,Taipei,Tan Son Nhat International Airport,Departed,AC002
FL0115,VJ982,2025-10-20 12:27:49.119129,2025-10-20 19:27:49.119129,Dubai,Tan Son Nhat International Airport,Boarding,AC008
FL0116,VN432,2025-10-15 13:44:49.119129,2025-10-16 01:44:49.119129,Tokyo,Tan Son Nhat International Airport,On Time,AC016
FL0117,AF510,2025-10-26 01:16:49.119129,2025-10-26 06:16:49.119129,Dubai,Tan Son Nhat International Airport,Boarding,AC050
FL0118,VJ622,2025-10-30 02:24:49.119129,2025-10-30 11:24:49.119129,Singapore,Tan Son Nhat International Airport,Boarding,AC023
FL0119,BR760,2025-11-05 03:06:49.119129,2025-11-05 05:06:49.119129,Phu Quoc,Tan Son Nhat International Airport,Delayed,AC039
FL0120,CX877,2025-10-30 01:02:49.119129,2025-10-30 12:02:49.119129,Paris,Tan Son Nhat International Airport,Arrived,AC049
FL0121,JL797,2025-11-08 09:46:49.119129,2025-11-08 20:46:49.119129,Tokyo,Tan Son Nhat International Airport,On Time,AC031
FL0122,BA410,2025-11-04 07:28:49.119129,2025-11-04 08:28:49.119129,Tokyo,Tan Son Nhat International Airport,Boarding,AC030
FL0123,VN158,2025-10-21 07:55:49.119129,2025-10-21 18:55:49.119129,Taipei,Tan Son Nhat International Airport,On Time,AC040
FL0124,KE493,2025-10-24 16:41:49.119129,2025-10-25 04:41:49.119129,Hanoi,Tan Son Nhat International Airport,Arrived,AC042
FL0125,EK719,2025-10-25 15:00:49.119129,2025-10-25 16:00:49.119129,Paris,Tan Son Nhat International Airport,Boarding,AC046
FL0126,KE761,2025-10-15 00:06:49.119129,2025-10-15 12:06:49.119129,Paris,Tan Son Nhat International Airport,Arrived,AC034
FL0127,QH472,2025-10-21 08:15:49.119129,2025-10-21 15:15:49.119129,Hong Kong,Tan Son Nhat International Airport,Arrived,AC004
FL0128,BA762,2025-10-20 01:12:49.119129,2025-10-20 03:12:49.119129,London,Tan Son Nhat International Airport,Boarding,AC017
FL0129,BR772,2025-11-09 03:12:49.119129,2025-11-09 05:12:49.119129,Sydney,Tan Son Nhat International Airport,Boarding,AC020
FL0130,QF778,2025-10-22 03:29:49.119129,2025-10-22 15:29:49.119129,Da Nang,Tan Son Nhat International Airport,Departed,AC042
FL0131,EK932,2025-10-14 14:56:49.119129,2025-10-15 01:56:49.119129,Melbourne,Tan Son Nhat International Airport,Boarding,AC002
FL0132,QR284,2025-11-09 05:12:49.119129,2025-11-09 13:12:49.119129,Singapore,Tan Son Nhat International Airport,Delayed,AC010
FL0133,QR964,2025-11-04 02:23:49.119129,2025-11-04 11:23:49.119129,Taipei,Tan Son Nhat International Airport,Arrived,AC003
FL0134,EK997,2025-11-03 03:29:49.119129,2025-11-03 10:29:49.119129,Phu Quoc,Tan Son Nhat International Airport,Arrived,AC011
FL0135,JL144,2025-10-23 10:34:49.119129,2025-10-23 22:34:49.119129,Singapore,Tan Son Nhat International Airport,Arrived,AC019
FL0136,QF902,2025-10-24 06:25:49.119129,2025-10-24 10:25:49.119129,Bangkok,Tan Son Nhat International Airport,Departed,AC013
FL0137,BA684,2025-10-24 13:40:49.119129,2025-10-24 18:40:49.119129,Hong Kong,Tan Son Nhat International Airport,Arrived,AC027
FL0138,BR304,2025-11-04 03:46:49.119129,2025-11-04 08:46:49.119129,Hanoi,Tan Son Nhat International Airport,Boarding,AC036
FL0139,QF966,2025-10-26 02:09:49.119129,2025-10-26 04:09:49.119129,Hong Kong,Tan Son Nhat International Airport,Departed,AC033
FL0140,BR547,2025-10-12 06:43:49.119129,2025-10-12 14:43:49.119129,Tokyo,Tan Son Nhat International Airport,Departed,AC004
FL0141,KE482,2025-10-17 10:56:49.119129,2025-10-17 16:56:49.119129,Singapore,Tan Son Nhat International Airport,Cancelled,AC007
FL0142,QF765,2025-10-20 02:59:49.119129,2025-10-20 03:59:49.119129,Bangkok,Tan Son Nhat International Airport,Departed,AC045
FL0143,QH877,2025-11-01 14:19:49.119129,2025-11-02 00:19:49.119129,Hanoi,Tan Son Nhat International Airport,On Time,AC017
FL0144,BR253,2025-10-27 15:18:49.119129,2025-10-27 17:18:49.119129,Hong Kong,Tan Son Nhat International Airport,Boarding,AC008
FL0145,SQ529,2025-10-30 12:55:49.119129,2025-10-30 14:55:49.119129,Taipei,Tan Son Nhat International Airport,Arrived,AC035
FL0146,BA627,2025-10-28 06:36:49.119129,2025-10-28 09:36:49.119129,Bangkok,Tan Son Nhat International Airport,Arrived,AC023
FL0147,AF526,2025-10-15 01:24:49.119129,2025-10-15 07:24:49.119129,Da Nang,Tan Son Nhat International Airport,Arrived,AC033
FL0148,KE667,2025-10-10 11:46:49.119129,2025-10-10 19:46:49.119129,Hanoi,Tan Son Nhat International Airport,Boarding,AC017
FL0149,VN465,2025-11-04 01:13:49.119129,2025-11-04 05:13:49.119129,Dubai,Tan Son Nhat International Airport,On Time,AC050
FL0150,QF874,2025-10-20 02:53:49.119129,2025-10-20 08:53:49.119129,London,Tan Son Nhat International Airport,Delayed,AC050
FL0151,JL812,2025-10-25 04:42:49.119129,2025-10-25 07:42:49.119129,Da Nang,Tan Son Nhat International Airport,Departed,AC003
FL0152,SQ144,2025-11-04 05:47:49.119129,2025-11-04 06:47:49.119129,Tokyo,Tan Son Nhat International Airport,Arrived,AC026
FL0153,KE584,2025-10-18 00:39:49.119129,2025-10-18 11:39:49.119129,Singapore,Tan Son Nhat International Airport,On Time,AC042
FL0154,QR227,2025-11-04 10:18:49.119129,2025-11-04 17:18:49.119129,Dubai,Tan Son Nhat International Airport,Departed,AC022
FL0155,JL808,2025-10-25 10:50:49.119129,2025-10-25 19:50:49.119129,Bangkok,Tan Son Nhat International Airport,Departed,AC006
FL0156,AF942,2025-10-15 16:09:49.119129,2025-10-15 22:09:49.119129,Da Nang,Tan Son Nhat International Airport,Boarding,AC020
FL0157,AF834,2025-10-23 04:35:49.119129,2025-10-23 12:35:49.119129,Tokyo,Tan Son Nhat International Airport,Boarding,AC040
FL0158,QR754,2025-11-03 23:55:49.119129,2025-11-04 10:55:49.119129,Melbourne,Tan Son Nhat International Airport,Arrived,AC048
FL0159,QH131,2025-10-14 12:53:49.119129,2025-10-14 15:53:49.119129,Da Nang,Tan Son Nhat International Airport,Boarding,AC024
FL0160,AF133,2025-10-29 03:34:49.119129,2025-10-29 11:34:49.119129,Tokyo,Tan Son Nhat International Airport,On Time,AC037
FL0161,KE475,2025-10-22 09:32:49.119129,2025-10-22 14:32:49.119129,Singapore,Tan Son Nhat International Airport,On Time,AC048
FL0162,JL630,2025-10-22 15:58:49.119129,2025-10-22 20:58:49.119129,Hong Kong,Tan Son Nhat International Airport,Departed,AC014
FL0163,QR810,2025-11-08 14:03:49.119129,2025-11-08 16:03:49.119129,Phu Quoc,Tan Son Nhat International Airport,Departed,AC012
FL0164,QF555,2025-10-12 09:33:49.119129,2025-10-12 15:33:49.119129,Dubai,Tan Son Nhat International Airport,Cancelled,AC035
FL0165,QR971,2025-10-15 04:41:49.119129,2025-10-15 10:41:49.119129,London,Tan Son Nhat International Airport,Delayed,AC009
FL0166,CX605,2025-10-10 10:26:49.119129,2025-10-10 20:26:49.119129,Tokyo,Tan Son Nhat International Airport,Arrived,AC009
FL0167,VJ167,2025-10-19 11:36:49.119129,2025-10-19 23:36:49.119129,Paris,Tan Son Nhat International Airport,Departed,AC037
FL0168,QH424,2025-10-30 01:19:49.119129,2025-10-30 09:19:49.119129,Melbourne,Tan Son Nhat International Airport,Delayed,AC050
FL0169,BA701,2025-10-15 03:18:49.119129,2025-10-15 12:18:49.119129,Taipei,Tan Son Nhat International Airport,Cancelled,AC008
FL0170,QH411,2025-10-15 04:11:49.119129,2025-10-15 16:11:49.119129,Singapore,Tan Son Nhat International Airport,Arrived,AC019
FL0171,VJ356,2025-10-16 16:08:49.119129,2025-10-16 19:08:49.119129,Melbourne,Tan Son Nhat International Airport,Arrived,AC006
FL0172,BA272,2025-10-28 03:01:49.119129,2025-10-28 14:01:49.119129,Sydney,Tan Son Nhat International Airport,Arrived,AC022
FL0173,AF142,2025-11-04 22:56:49.119129,2025-11-04 23:56:49.119129,Melbourne,Tan Son Nhat International Airport,Boarding,AC042
FL0174,CX685,2025-10-22 23:22:49.119129,2025-10-23 10:22:49.119129,London,Tan Son Nhat International Airport,Boarding,AC031
FL0175,CX926,2025-10-31 11:10:49.119129,2025-10-31 19:10:49.119129,Da Nang,Tan Son Nhat International Airport,Delayed,AC029
FL0176,JL575,2025-10-16 09:29:49.119129,2025-10-16 12:29:49.119129,Tokyo,Tan Son Nhat International Airport,Boarding,AC047
FL0177,EK508,2025-10-14 10:23:49.119129,2025-10-14 19:23:49.119129,Da Nang,Tan Son Nhat International Airport,Departed,AC008
FL0178,JL353,2025-10-14 01:54:49.119129,2025-10-14 06:54:49.119129,Seoul,Tan Son Nhat International Airport,Departed,AC016
FL0179,QH933,2025-10-20 09:03:49.119129,2025-10-20 12:03:49.119129,Paris,Tan Son Nhat International Airport,Departed,AC032
FL0180,QR609,2025-10-10 01:16:49.119129,2025-10-10 10:16:49.119129,Paris,Tan Son Nhat International Airport,Delayed,AC038
FL0181,VN151,2025-10-19 14:29:49.119129,2025-10-20 01:29:49.119129,Melbourne,Tan Son Nhat International Airport,Arrived,AC001
FL0182,VJ541,2025-10-14 07:37:49.119129,2025-10-14 13:37:49.119129,Hong Kong,Tan Son Nhat International Airport,On Time,AC026
FL0183,AF675,2025-10-16 10:26:49.119129,2025-10-16 15:26:49.119129,Da Nang,Tan Son Nhat International Airport,Departed,AC049
FL0184,QR945,2025-10-29 01:59:49.119129,2025-10-29 03:59:49.119129,Seoul,Tan Son Nhat International Airport,Boarding,AC036
FL0185,CX247,2025-10-16 15:16:49.119129,2025-10-17 00:16:49.119129,Hanoi,Tan Son Nhat International Airport,Cancelled,AC009
FL0186,EK923,2025-10-25 15:20:49.119129,2025-10-25 18:20:49.119129,Sydney,Tan Son Nhat International Airport,Delayed,AC021
FL0187,EK266,2025-10-22 08:28:49.119129,2025-10-22 14:28:49.119129,London,Tan Son Nhat International Airport,Arrived,AC032
FL0188,AF406,2025-10-24 23:14:49.119129,2025-10-25 05:14:49.119129,Melbourne,Tan Son Nhat International Airport,Departed,AC038
FL0189,CX842,2025-11-05 23:29:49.119129,2025-11-06 07:29:49.119129,Bangkok,Tan Son Nhat International Airport,Arrived,AC037
FL0190,QF152,2025-10-28 14:01:49.119129,2025-10-28 23:01:49.119129,Melbourne,Tan Son Nhat International Airport,Departed,AC010
FL0191,BA348,2025-10-11 02:03:49.119129,2025-10-11 03:03:49.119129,Paris,Tan Son Nhat International Airport,Delayed,AC027
FL0192,SQ520,2025-10-26 14:46:49.119129,2025-10-27 02:46:49.119129,Dubai,Tan Son Nhat International Airport,Cancelled,AC009
FL0193,SQ674,2025-10-20 14:24:49.119129,2025-10-20 21:24:49.119129,Tokyo,Tan Son Nhat International Airport,Departed,AC035
FL0194,KE462,2025-10-31 07:30:49.119129,2025-10-31 15:30:49.119129,Singapore,Tan Son Nhat International Airport,Boarding,AC036
FL0195,SQ404,2025-11-03 08:36:49.119129,2025-11-03 12:36:49.119129,Dubai,Tan Son Nhat International Airport,Boarding,AC031
FL0196,KE914,2025-11-02 07:09:49.119129,2025-11-02 09:09:49.119129,Sydney,Tan Son Nhat International Airport,Departed,AC026
FL0197,EK891,2025-11-04 03:09:49.119129,2025-11-04 04:09:49.119129,Bangkok,Tan Son Nhat International Airport,On Time,AC023
FL0198,BA362,2025-11-02 14:04:49.119129,2025-11-02 18:04:49.119129,Taipei,Tan Son Nhat International Airport,Arrived,AC045
FL0199,QH211,2025-10-29 06:06:49.119129,2025-10-29 07:06:49.119129,Melbourne,Tan Son Nhat International Airport,Delayed,AC041
FL0200,VN202,2025-10-23 09:36:49.119129,2025-10-23 17:36:49.119129,Da Nang,Tan Son Nhat International Airport,Delayed,AC001
FL0201,QH516,2025-10-30 14:21:49.119129,2025-10-31 01:21:49.119129,Singapore,Tan Son Nhat International Airport,Boarding,AC021
FL0202,BA160,2025-11-08 01:32:49.119129,2025-11-08 11:32:49.119129,Singapore,Tan Son Nhat International Airport,On Time,AC012
FL0203,BR280,2025-11-08 00:44:49.119129,2025-11-08 07:44:49.119129,Hong Kong,Tan Son Nhat International Airport,Boarding,AC003
FL0204,QR681,2025-10-29 02:50:49.119129,2025-10-29 08:50:49.119129,Bangkok,Tan Son Nhat International Airport,Arrived,AC034
FL0205,QH971,2025-10-26 13:08:49.119129,2025-10-26 17:08:49.119129,Hong Kong,Tan Son Nhat International Airport,Delayed,AC047
FL0206,BA363,2025-11-01 03:51:49.119129,2025-11-01 15:51:49.119129,Tokyo,Tan Son Nhat International Airport,Arrived,AC044
FL0207,SQ279,2025-10-29 11:43:49.119129,2025-10-29 18:43:49.119129,London,Tan Son Nhat International Airport,Departed,AC043
FL0208,QH243,2025-10-25 09:50:49.119129,2025-10-25 13:50:49.119129,Hanoi,Tan Son Nhat International Airport,Delayed,AC029
FL0209,QR437,2025-10-18 23:07:49.119129,2025-10-19 10:07:49.119129,Tokyo,Tan Son Nhat International Airport,On Time,AC043
FL0210,JL414,2025-10-15 11:34:49.119129,2025-10-15 20:34:49.119129,Dubai,Tan Son Nhat International Airport,On Time,AC041
FL0211,QR476,2025-10-29 06:05:49.119129,2025-10-29 09:05:49.119129,Paris,Tan Son Nhat International Airport,Arrived,AC024
FL0212,QF662,2025-11-08 14:39:49.119129,2025-11-08 23:39:49.119129,Hong Kong,Tan Son Nhat International Airport,Delayed,AC049
FL0213,BA872,2025-10-29 01:24:49.119129,2025-10-29 09:24:49.119129,London,Tan Son Nhat International Airport,On Time,AC037
FL0214,VN948,2025-10-27 15:03:49.119129,2025-10-28 01:03:49.119129,London,Tan Son Nhat International Airport,Boarding,AC034
FL0215,VJ796,2025-10-16 13:56:49.119129,2025-10-16 22:56:49.119129,Paris,Tan Son Nhat International Airport,Departed,AC009
FL0216,TG567,2025-10-28 00:26:49.119129,2025-10-28 08:26:49.119129,Melbourne,Tan Son Nhat International Airport,On Time,AC026
FL0217,BR103,2025-11-02 05:28:49.119129,2025-11-02 07:28:49.119129,Hanoi,Tan Son Nhat International Airport,On Time,AC035
FL0218,VJ583,2025-10-11 08:17:49.119129,2025-10-11 11:17:49.119129,Hong Kong,Tan Son Nhat International Airport,Departed,AC024
FL0219,TG559,2025-11-06 11:15:49.119129,2025-11-06 13:15:49.119129,Melbourne,Tan Son Nhat International Airport,Arrived,AC009
FL0220,BR456,2025-10-13 04:25:49.119129,2025-10-13 11:25:49.119129,London,Tan Son Nhat International Airport,Delayed,AC001
FL0221,VN405,2025-10-24 16:18:49.119129,2025-10-25 01:18:49.119129,Seoul,Tan Son Nhat International Airport,Delayed,AC030
FL0222,QH382,2025-10-16 01:53:49.119129,2025-10-16 12:53:49.119129,Seoul,Tan Son Nhat International Airport,On Time,AC016
FL0223,VJ203,2025-10-29 00:19:49.119129,2025-10-29 10:19:49.119129,Melbourne,Tan Son Nhat International Airport,On Time,AC016
FL0224,VN511,2025-10-24 06:25:49.119129,2025-10-24 10:25:49.119129,Hong Kong,Tan Son Nhat International Airport,On Time,AC009
FL0225,QR339,2025-11-05 09:27:49.119129,2025-11-05 19:27:49.119129,Hong Kong,Tan Son Nhat International Airport,Boarding,AC016
FL0226,QH776,2025-10-26 06:17:49.119129,2025-10-26 11:17:49.119129,Bangkok,Tan Son Nhat International Airport,Cancelled,AC038
FL0227,QF279,2025-10-30 12:26:49.119129,2025-10-30 20:26:49.119129,Hanoi,Tan Son Nhat International Airport,Departed,AC034
FL0228,QF526,2025-10-23 03:10:49.119129,2025-10-23 10:10:49.119129,Phu Quoc,Tan Son Nhat International Airport,Departed,AC016
FL0229,SQ407,2025-11-06 03:42:49.119129,2025-11-06 11:42:49.119129,Hanoi,Tan Son Nhat International Airport,Departed,AC036
FL0230,QH497,2025-10-17 07:04:49.119129,2025-10-17 13:04:49.119129,Melbourne,Tan Son Nhat International Airport,Departed,AC024
FL0231,KE841,2025-11-05 04:54:49.119129,2025-11-05 09:54:49.119129,Seoul,Tan Son Nhat International Airport,Arrived,AC003
FL0232,VJ292,2025-11-04 16:04:49.119129,2025-11-05 00:04:49.119129,Singapore,Tan Son Nhat International Airport,Boarding,AC020
FL0233,VN316,2025-11-08 05:38:49.119129,2025-11-08 07:38:49.119129,Dubai,Tan Son Nhat International Airport,Departed,AC016
FL0234,AF820,2025-10-16 11:49:49.119129,2025-10-16 15:49:49.119129,London,Tan Son Nhat International Airport,Boarding,AC025
FL0235,KE764,2025-10-21 08:07:49.119129,2025-10-21 14:07:49.119129,London,Tan Son Nhat International Airport,Departed,AC007
FL0236,QF580,2025-11-03 09:49:49.119129,2025-11-03 13:49:49.119129,Tokyo,Tan Son Nhat International Airport,On Time,AC037
FL0237,SQ859,2025-10-13 23:07:49.119129,2025-10-14 08:07:49.119129,Sydney,Tan Son Nhat International Airport,Departed,AC019
FL0238,SQ437,2025-10-17 11:27:49.119129,2025-10-17 15:27:49.119129,Paris,Tan Son Nhat International Airport,Boarding,AC017
FL0239,BR600,2025-11-09 14:20:49.119129,2025-11-09 17:20:49.119129,Dubai,Tan Son Nhat International Airport,Delayed,AC009
FL0240,KE600,2025-10-15 16:32:49.119129,2025-10-15 17:32:49.119129,London,Tan Son Nhat International Airport,Cancelled,AC005
FL0241,BA149,2025-11-02 23:17:49.119129,2025-11-03 02:17:49.119129,Taipei,Tan Son Nhat International Airport,On Time,AC046
FL0242,VN323,2025-10-26 13:14:49.119129,2025-10-26 14:14:49.119129,Sydney,Tan Son Nhat International Airport,Arrived,AC031
FL0243,JL116,2025-10-10 16:26:49.119129,2025-10-10 23:26:49.119129,Hanoi,Tan Son Nhat International Airport,Cancelled,AC047
FL0244,KE393,2025-10-10 15:43:49.119129,2025-10-11 03:43:49.119129,Melbourne,Tan Son Nhat International Airport,Delayed,AC007
FL0245,VJ636,2025-10-14 06:03:49.119129,2025-10-14 16:03:49.119129,London,Tan Son Nhat International Airport,Boarding,AC018
FL0246,TG180,2025-10-21 11:20:49.119129,2025-10-21 21:20:49.119129,Singapore,Tan Son Nhat International Airport,Delayed,AC020
FL0247,BR968,2025-10-11 23:56:49.119129,2025-10-12 06:56:49.119129,Seoul,Tan Son Nhat International Airport,Departed,AC004
FL0248,VN819,2025-10-15 01:22:49.119129,2025-10-15 08:22:49.119129,Melbourne,Tan Son Nhat International Airport,Arrived,AC007
FL0249,KE143,2025-10-17 05:48:49.119129,2025-10-17 17:48:49.119129,Sydney,Tan Son Nhat International Airport,On Time,AC005
FL0250,QR656,2025-10-28 00:02:49.119129,2025-10-28 06:02:49.119129,Hanoi,Tan Son Nhat International Airport,Arrived,AC010
FL0251,BR829,2025-11-05 11:50:49.119129,2025-11-05 13:50:49.119129,Bangkok,Tan Son Nhat International Airport,Delayed,AC037
FL0252,BR498,2025-10-31 16:12:49.119129,2025-10-31 23:12:49.119129,Hong Kong,Tan Son Nhat International Airport,On Time,AC033
FL0253,EK154,2025-10-13 12:05:49.119129,2025-10-13 14:05:49.119129,Tokyo,Tan Son Nhat International Airport,Arrived,AC039
FL0254,CX434,2025-10-10 07:41:49.119129,2025-10-10 15:41:49.119129,Paris,Tan Son Nhat International Airport,Arrived,AC025
FL0255,QH796,2025-10-28 10:56:49.119129,2025-10-28 20:56:49.119129,Bangkok,Tan Son Nhat International Airport,On Time,AC006
FL0256,QH489,2025-11-01 03:38:49.119129,2025-11-01 10:38:49.119129,Tokyo,Tan Son Nhat International Airport,On Time,AC001
FL0257,JL468,2025-11-03 06:57:49.119129,2025-11-03 09:57:49.119129,Da Nang,Tan Son Nhat International Airport,Departed,AC036
FL0258,KE517,2025-10-12 22:56:49.119129,2025-10-13 04:56:49.119129,London,Tan Son Nhat International Airport,Arrived,AC021
FL0259,TG112,2025-10-19 12:15:49.119129,2025-10-19 14:15:49.119129,Dubai,Tan Son Nhat International Airport,Delayed,AC037
FL0260,QH801,2025-10-22 03:59:49.119129,2025-10-22 08:59:49.119129,Bangkok,Tan Son Nhat International Airport,Delayed,AC005
FL0261,TG382,2025-10-23 08:21:49.119129,2025-10-23 10:21:49.119129,Tokyo,Tan Son Nhat International Airport,Delayed,AC047
FL0262,JL708,2025-10-29 05:20:49.119129,2025-10-29 07:20:49.119129,Phu Quoc,Tan Son Nhat International Airport,Departed,AC022
FL0263,AF489,2025-11-04 09:19:49.119129,2025-11-04 15:19:49.119129,Seoul,Tan Son Nhat International Airport,Arrived,AC009
FL0264,EK717,2025-11-09 05:21:49.119129,2025-11-09 11:21:49.119129,Phu Quoc,Tan Son Nhat International Airport,Boarding,AC019
FL0265,QF748,2025-10-25 06:11:49.119129,2025-10-25 13:11:49.119129,Bangkok,Tan Son Nhat International Airport,Departed,AC024
FL0266,AF304,2025-10-28 16:02:49.119129,2025-10-29 03:02:49.119129,Hong Kong,Tan Son Nhat International Airport,Departed,AC046
FL0267,JL916,2025-10-19 01:43:49.119129,2025-10-19 08:43:49.119129,Melbourne,Tan Son Nhat International Airport,Boarding,AC016
FL0268,BA257,2025-11-01 12:41:49.119129,2025-11-01 19:41:49.119129,Da Nang,Tan Son Nhat International Airport,Arrived,AC031
FL0269,TG647,2025-10-26 12:25:49.119129,2025-10-26 13:25:49.119129,Hong Kong,Tan Son Nhat International Airport,Arrived,AC039
FL0270,VJ211,2025-11-03 06:33:49.119129,2025-11-03 17:33:49.119129,Tokyo,Tan Son Nhat International Airport,Arrived,AC003
FL0271,BA793,2025-10-30 11:39:49.119129,2025-10-30 17:39:49.119129,Hong Kong,Tan Son Nhat International Airport,On Time,AC007
FL0272,SQ622,2025-11-02 15:26:49.119129,2025-11-03 01:26:49.119129,Dubai,Tan Son Nhat International Airport,Departed,AC024
FL0273,JL890,2025-10-31 15:00:49.119129,2025-10-31 21:00:49.119129,Hanoi,Tan Son Nhat International Airport,Boarding,AC027
FL0274,VJ218,2025-11-05 03:13:49.119129,2025-11-05 08:13:49.119129,Tokyo,Tan Son Nhat International Airport,Delayed,AC034
FL0275,EK587,2025-10-13 13:37:49.119129,2025-10-14 01:37:49.119129,Paris,Tan Son Nhat International Airport,Boarding,AC003
FL0276,QF217,2025-10-10 09:32:49.119129,2025-10-10 11:32:49.119129,Melbourne,Tan Son Nhat International Airport,Delayed,AC034
FL0277,KE263,2025-10-20 16:18:49.119129,2025-10-21 00:18:49.119129,Singapore,Tan Son Nhat International Airport,Delayed,AC012
FL0278,BA542,2025-10-21 23:38:49.119129,2025-10-22 09:38:49.119129,Singapore,Tan Son Nhat International Airport,Departed,AC025
FL0279,QF319,2025-10-16 07:39:49.119129,2025-10-16 19:39:49.119129,Hong Kong,Tan Son Nhat International Airport,Arrived,AC007
FL0280,BR649,2025-10-15 10:11:49.119129,2025-10-15 14:11:49.119129,Paris,Tan Son Nhat International Airport,Departed,AC034
FL0281,EK711,2025-10-22 11:28:49.119129,2025-10-22 13:28:49.119129,Tokyo,Tan Son Nhat International Airport,Departed,AC040
FL0282,BR789,2025-11-01 08:49:49.119129,2025-11-01 18:49:49.119129,Sydney,Tan Son Nhat International Airport,Delayed,AC021
FL0283,SQ412,2025-10-13 04:14:49.119129,2025-10-13 16:14:49.119129,Phu Quoc,Tan Son Nhat International Airport,Departed,AC039
FL0284,AF492,2025-10-23 04:22:49.119129,2025-10-23 15:22:49.119129,London,Tan Son Nhat International Airport,Delayed,AC036
FL0285,JL395,2025-10-14 04:11:49.119129,2025-10-14 12:11:49.119129,Sydney,Tan Son Nhat International Airport,Cancelled,AC023
FL0286,JL239,2025-10-16 11:26:49.119129,2025-10-16 20:26:49.119129,Melbourne,Tan Son Nhat International Airport,Departed,AC027
FL0287,BR554,2025-10-25 03:56:49.119129,2025-10-25 13:56:49.119129,Hanoi,Tan Son Nhat International Airport,Delayed,AC019
FL0288,QR330,2025-10-27 08:01:49.119129,2025-10-27 16:01:49.119129,Sydney,Tan Son Nhat International Airport,Departed,AC036
FL0289,VJ686,2025-10-13 07:40:49.119129,2025-10-13 16:40:49.119129,Taipei,Tan Son Nhat International Airport,Arrived,AC049
FL0290,CX836,2025-10-24 16:04:49.119129,2025-10-24 23:04:49.119129,Da Nang,Tan Son Nhat International Airport,Delayed,AC020
FL0291,VN560,2025-10-18 10:46:49.119129,2025-10-18 12:46:49.119129,Paris,Tan Son Nhat International Airport,On Time,AC050
FL0292,SQ314,2025-11-04 10:46:49.119129,2025-11-04 22:46:49.119129,Sydney,Tan Son Nhat International Airport,Delayed,AC040
FL0293,CX311,2025-11-05 05:42:49.119129,2025-11-05 06:42:49.119129,Sydney,Tan Son Nhat International Airport,Boarding,AC039
FL0294,QH431,2025-11-01 08:09:49.119129,2025-11-01 18:09:49.119129,Bangkok,Tan Son Nhat International Airport,Arrived,AC044
FL0295,VJ238,2025-11-09 12:49:49.119129,2025-11-09 13:49:49.119129,Bangkok,Tan Son Nhat International Airport,Delayed,AC045
FL0296,QH355,2025-10-14 09:44:49.119129,2025-10-14 13:44:49.119129,Hong Kong,Tan Son Nhat International Airport,Departed,AC032
FL0297,AF747,2025-10-18 12:15:49.119129,2025-10-18 20:15:49.119129,Da Nang,Tan Son Nhat International Airport,On Time,AC026
FL0298,QF384,2025-11-01 10:20:49.119129,2025-11-01 18:20:49.119129,Tokyo,Tan Son Nhat International Airport,On Time,AC047
FL0299,BA780,2025-11-01 10:45:49.119129,2025-11-01 12:45:49.119129,Hong Kong,Tan Son Nhat International Airport,Delayed,AC028
FL0300,SQ606,2025-10-18 09:44:49.119129,2025-10-18 14:44:49.119129,Tokyo,Tan Son Nhat International Airport,Delayed,AC037
FL0301,JL907,2025-10-19 23:53:49.119129,2025-10-20 01:53:49.119129,Melbourne,Tan Son Nhat International Airport,Departed,AC002
FL0302,BR261,2025-10-24 12:51:49.119129,2025-10-24 19:51:49.119129,Singapore,Tan Son Nhat International Airport,Delayed,AC042
FL0303,QH995,2025-11-08 06:56:49.119129,2025-11-08 17:56:49.119129,Tokyo,Tan Son Nhat International Airport,Boarding,AC043
FL0304,BA269,2025-10-11 11:31:49.119129,2025-10-11 16:31:49.119129,Dubai,Tan Son Nhat International Airport,Delayed,AC028
FL0305,VJ820,2025-10-12 23:04:49.119129,2025-10-13 07:04:49.119129,Da Nang,Tan Son Nhat International Airport,Delayed,AC034
FL0306,JL109,2025-10-10 09:43:49.119129,2025-10-10 11:43:49.119129,Taipei,Tan Son Nhat International Airport,Delayed,AC031
FL0307,SQ492,2025-10-12 01:57:49.119129,2025-10-12 07:57:49.119129,Tokyo,Tan Son Nhat International Airport,Delayed,AC025
FL0308,BR871,2025-11-06 03:32:49.119129,2025-11-06 14:32:49.119129,Phu Quoc,Tan Son Nhat International Airport,Cancelled,AC037
FL0309,AF765,2025-10-15 13:13:49.119129,2025-10-16 01:13:49.119129,Singapore,Tan Son Nhat International Airport,Delayed,AC027
FL0310,BA553,2025-11-06 04:56:49.119129,2025-11-06 06:56:49.119129,Phu Quoc,Tan Son Nhat International Airport,Arrived,AC047
FL0311,EK539,2025-10-20 03:06:49.119129,2025-10-20 08:06:49.119129,Melbourne,Tan Son Nhat International Airport,Arrived,AC039
FL0312,QF722,2025-10-18 23:45:49.119129,2025-10-19 10:45:49.119129,Bangkok,Tan Son Nhat International Airport,Arrived,AC033
FL0313,QF501,2025-10-19 00:41:49.119129,2025-10-19 04:41:49.119129,Paris,Tan Son Nhat International Airport,Delayed,AC032
FL0314,AF172,2025-10-25 23:14:49.119129,2025-10-26 05:14:49.119129,Phu Quoc,Tan Son Nhat International Airport,Arrived,AC027
FL0315,KE799,2025-10-15 14:40:49.119129,2025-10-15 16:40:49.119129,Hanoi,Tan Son Nhat International Airport,On Time,AC017
FL0316,VN161,2025-11-09 11:23:49.119129,2025-11-09 16:23:49.119129,Melbourne,Tan Son Nhat International Airport,Departed,AC028
FL0317,TG184,2025-10-30 16:25:49.119129,2025-10-31 02:25:49.119129,Phu Quoc,Tan Son Nhat International Airport,Boarding,AC006
FL0318,SQ927,2025-10-14 16:11:49.119129,2025-10-14 23:11:49.119129,Sydney,Tan Son Nhat International Airport,On Time,AC020
FL0319,TG847,2025-11-09 05:54:49.119129,2025-11-09 09:54:49.119129,Da Nang,Tan Son Nhat International Airport,On Time,AC030
FL0320,AF156,2025-10-19 03:58:49.119129,2025-10-19 04:58:49.119129,Dubai,Tan Son Nhat International Airport,On Time,AC011
FL0321,EK635,2025-10-26 07:01:49.119129,2025-10-26 13:01:49.119129,Phu Quoc,Tan Son Nhat International Airport,Boarding,AC047
FL0322,VJ889,2025-11-06 23:12:49.119129,2025-11-07 06:12:49.119129,Bangkok,Tan Son Nhat International Airport,Boarding,AC046
FL0323,BA178,2025-10-25 13:23:49.119129,2025-10-25 19:23:49.119129,Hanoi,Tan Son Nhat International Airport,Arrived,AC011
FL0324,QH361,2025-11-03 02:48:49.119129,2025-11-03 12:48:49.119129,Melbourne,Tan Son Nhat International Airport,Delayed,AC048
FL0325,VN145,2025-11-05 23:06:49.119129,2025-11-06 00:06:49.119129,Paris,Tan Son Nhat International Airport,Delayed,AC012
FL0326,VN666,2025-11-04 12:05:49.119129,2025-11-04 18:05:49.119129,Singapore,Tan Son Nhat International Airport,Boarding,AC018
FL0327,VJ685,2025-10-21 02:23:49.119129,2025-10-21 13:23:49.119129,Hanoi,Tan Son Nhat International Airport,Arrived,AC003
FL0328,VJ998,2025-10-24 08:40:49.119129,2025-10-24 13:40:49.119129,Tokyo,Tan Son Nhat International Airport,Departed,AC001
FL0329,SQ398,2025-10-28 08:38:49.119129,2025-10-28 18:38:49.119129,Singapore,Tan Son Nhat International Airport,Arrived,AC032
FL0330,CX300,2025-11-02 16:39:49.119129,2025-11-02 20:39:49.119129,Phu Quoc,Tan Son Nhat International Airport,Cancelled,AC027
FL0331,SQ654,2025-10-20 23:12:49.119129,2025-10-21 00:12:49.119129,Hong Kong,Tan Son Nhat International Airport,Boarding,AC007
FL0332,KE343,2025-10-23 13:54:49.119129,2025-10-23 16:54:49.119129,Dubai,Tan Son Nhat International Airport,On Time,AC015
FL0333,BR632,2025-10-23 10:20:49.119129,2025-10-23 22:20:49.119129,Da Nang,Tan Son Nhat International Airport,Arrived,AC009
FL0334,BR503,2025-10-12 00:18:49.119129,2025-10-12 11:18:49.119129,Phu Quoc,Tan Son Nhat International Airport,Boarding,AC021
FL0335,TG817,2025-11-05 09:11:49.119129,2025-11-05 17:11:49.119129,Bangkok,Tan Son Nhat International Airport,Delayed,AC009
FL0336,CX698,2025-10-13 02:57:49.119129,2025-10-13 05:57:49.119129,Paris,Tan Son Nhat International Airport,Departed,AC008
FL0337,EK888,2025-10-16 13:10:49.119129,2025-10-16 21:10:49.119129,Bangkok,Tan Son Nhat International Airport,On Time,AC011
FL0338,BA411,2025-11-05 00:04:49.119129,2025-11-05 06:04:49.119129,Phu Quoc,Tan Son Nhat International Airport,Delayed,AC023
FL0339,KE150,2025-10-31 08:07:49.119129,2025-10-31 11:07:49.119129,Hanoi,Tan Son Nhat International Airport,Departed,AC036
FL0340,KE355,2025-10-13 12:57:49.119129,2025-10-13 15:57:49.119129,Da Nang,Tan Son Nhat International Airport,Cancelled,AC050
FL0341,QH302,2025-11-05 11:14:49.119129,2025-11-05 22:14:49.119129,Melbourne,Tan Son Nhat International Airport,On Time,AC038
FL0342,QR932,2025-10-11 22:55:49.119129,2025-10-12 02:55:49.119129,Melbourne,Tan Son Nhat International Airport,Delayed,AC006
FL0343,BR949,2025-11-04 08:58:49.119129,2025-11-04 09:58:49.119129,Paris,Tan Son Nhat International Airport,Cancelled,AC037
FL0344,BR841,2025-10-22 13:52:49.119129,2025-10-22 20:52:49.119129,Melbourne,Tan Son Nhat International Airport,Boarding,AC014
FL0345,QH381,2025-10-18 13:47:49.119129,2025-10-18 16:47:49.119129,Hanoi,Tan Son Nhat International Airport,Arrived,AC016
FL0346,QR610,2025-10-23 16:21:49.119129,2025-10-23 17:21:49.119129,Da Nang,Tan Son Nhat International Airport,Delayed,AC027
FL0347,BA916,2025-10-26 06:31:49.119129,2025-10-26 15:31:49.119129,Hong Kong,Tan Son Nhat International Airport,Cancelled,AC025
FL0348,QF467,2025-10-25 16:41:49.119129,2025-10-26 00:41:49.119129,Tokyo,Tan Son Nhat International Airport,Arrived,AC021
FL0349,QR284,2025-10-10 09:29:49.119129,2025-10-10 13:29:49.119129,Hanoi,Tan Son Nhat International Airport,Boarding,AC004
FL0350,JL642,2025-10-21 06:01:49.119129,2025-10-21 08:01:49.119129,Singapore,Tan Son Nhat International Airport,Boarding,AC035
FL0351,CX854,2025-10-11 06:27:49.119129,2025-10-11 13:27:49.119129,Tokyo,Tan Son Nhat International Airport,Delayed,AC012
FL0352,AF425,2025-11-04 10:49:49.119129,2025-11-04 20:49:49.119129,Hanoi,Tan Son Nhat International Airport,Boarding,AC037
FL0353,QH676,2025-11-09 05:44:49.119129,2025-11-09 13:44:49.119129,London,Tan Son Nhat International Airport,Departed,AC003
FL0354,VN338,2025-10-29 05:52:49.119129,2025-10-29 14:52:49.119129,Paris,Tan Son Nhat International Airport,Cancelled,AC040
FL0355,CX233,2025-10-20 04:49:49.119129,2025-10-20 10:49:49.119129,Hanoi,Tan Son Nhat International Airport,Cancelled,AC038
FL0356,QH892,2025-10-13 15:46:49.119129,2025-10-13 21:46:49.119129,Da Nang,Tan Son Nhat International Airport,Departed,AC038
FL0357,EK409,2025-10-20 03:01:49.119129,2025-10-20 15:01:49.119129,Seoul,Tan Son Nhat International Airport,Departed,AC042
FL0358,QH824,2025-11-09 16:35:49.119129,2025-11-10 02:35:49.119129,Hong Kong,Tan Son Nhat International Airport,Arrived,AC012
FL0359,QR851,2025-11-01 07:59:49.119129,2025-11-01 10:59:49.119129,Dubai,Tan Son Nhat International Airport,Cancelled,AC045
FL0360,TG971,2025-11-03 00:02:49.119129,2025-11-03 10:02:49.119129,Tokyo,Tan Son Nhat International Airport,Arrived,AC015
FL0361,AF206,2025-11-08 14:00:49.119129,2025-11-08 20:00:49.119129,Dubai,Tan Son Nhat International Airport,Boarding,AC021
FL0362,BA190,2025-11-05 09:19:49.119129,2025-11-05 10:19:49.119129,Bangkok,Tan Son Nhat International Airport,On Time,AC023
FL0363,CX210,2025-11-01 22:54:49.119129,2025-11-02 05:54:49.119129,Paris,Tan Son Nhat International Airport,Delayed,AC027
FL0364,TG459,2025-10-27 10:57:49.119129,2025-10-27 18:57:49.119129,Hong Kong,Tan Son Nhat International Airport,Delayed,AC011
FL0365,VJ918,2025-11-06 00:09:49.119129,2025-11-06 01:09:49.119129,Tokyo,Tan Son Nhat International Airport,On Time,AC005
FL0366,QH484,2025-10-15 01:26:49.119129,2025-10-15 03:26:49.119129,Tokyo,Tan Son Nhat International Airport,Arrived,AC031
FL0367,VN541,2025-11-09 04:29:49.119129,2025-11-09 11:29:49.119129,Phu Quoc,Tan Son Nhat International Airport,Cancelled,AC022
FL0368,SQ519,2025-11-01 16:37:49.119129,2025-11-02 04:37:49.119129,London,Tan Son Nhat International Airport,Boarding,AC020
FL0369,VJ150,2025-10-22 16:44:49.119129,2025-10-23 00:44:49.119129,Phu Quoc,Tan Son Nhat International Airport,Cancelled,AC001
FL0370,VJ401,2025-11-05 14:03:49.119129,2025-11-05 16:03:49.119129,Hanoi,Tan Son Nhat International Airport,Boarding,AC006
FL0371,BR218,2025-10-19 11:21:49.119129,2025-10-19 19:21:49.119129,Melbourne,Tan Son Nhat International Airport,Arrived,AC025
FL0372,EK490,2025-10-21 04:19:49.119129,2025-10-21 05:19:49.119129,Bangkok,Tan Son Nhat International Airport,Boarding,AC015
FL0373,QR677,2025-10-11 03:39:49.119129,2025-10-11 15:39:49.119129,Melbourne,Tan Son Nhat International Airport,Boarding,AC035
FL0374,CX703,2025-10-17 15:54:49.119129,2025-10-17 22:54:49.119129,Taipei,Tan Son Nhat International Airport,Arrived,AC044
FL0375,JL686,2025-11-07 06:21:49.119129,2025-11-07 11:21:49.119129,Da Nang,Tan Son Nhat International Airport,On Time,AC033
FL0376,KE919,2025-10-28 02:58:49.119129,2025-10-28 10:58:49.119129,Phu Quoc,Tan Son Nhat International Airport,Delayed,AC014
FL0377,SQ229,2025-10-11 11:56:49.119129,2025-10-11 22:56:49.119129,Seoul,Tan Son Nhat International Airport,Delayed,AC039
FL0378,EK844,2025-11-08 00:56:49.119129,2025-11-08 07:56:49.119129,London,Tan Son Nhat International Airport,Boarding,AC018
FL0379,JL994,2025-10-10 15:41:49.119129,2025-10-10 22:41:49.119129,Da Nang,Tan Son Nhat International Airport,Delayed,AC037
FL0380,AF876,2025-11-09 02:50:49.119129,2025-11-09 04:50:49.119129,Sydney,Tan Son Nhat International Airport,Boarding,AC035
FL0381,EK998,2025-10-23 07:15:49.119129,2025-10-23 18:15:49.119129,Paris,Tan Son Nhat International Airport,Departed,AC003
FL0382,QR512,2025-10-14 10:53:49.119129,2025-10-14 17:53:49.119129,Tokyo,Tan Son Nhat International Airport,On Time,AC048
FL0383,QR481,2025-10-10 09:43:49.119129,2025-10-10 14:43:49.119129,Bangkok,Tan Son Nhat International Airport,Departed,AC045
FL0384,VJ989,2025-10-17 03:10:49.119129,2025-10-17 15:10:49.119129,Paris,Tan Son Nhat International Airport,Boarding,AC018
FL0385,TG719,2025-10-30 01:03:49.119129,2025-10-30 09:03:49.119129,Singapore,Tan Son Nhat International Airport,Departed,AC048
FL0386,CX628,2025-11-06 10:43:49.119129,2025-11-06 11:43:49.119129,London,Tan Son Nhat International Airport,On Time,AC020
FL0387,KE513,2025-10-14 15:47:49.119129,2025-10-15 01:47:49.119129,Hanoi,Tan Son Nhat International Airport,Delayed,AC004
FL0388,VN567,2025-10-11 10:36:49.119129,2025-10-11 14:36:49.119129,Bangkok,Tan Son Nhat International Airport,Departed,AC033
FL0389,BA226,2025-10-30 23:06:49.119129,2025-10-31 05:06:49.119129,Paris,Tan Son Nhat International Airport,Delayed,AC031
FL0390,KE458,2025-10-21 04:44:49.119129,2025-10-21 09:44:49.119129,Dubai,Tan Son Nhat International Airport,On Time,AC019
FL0391,TG150,2025-10-15 05:45:49.119129,2025-10-15 09:45:49.119129,Melbourne,Tan Son Nhat International Airport,Delayed,AC018
FL0392,TG625,2025-10-09 23:21:49.119129,2025-10-10 02:21:49.119129,Melbourne,Tan Son Nhat International Airport,On Time,AC015
FL0393,AF924,2025-11-09 08:36:49.119129,2025-11-09 20:36:49.119129,Melbourne,Tan Son Nhat International Airport,Departed,AC023
FL0394,QR323,2025-10-24 08:34:49.119129,2025-10-24 17:34:49.119129,Taipei,Tan Son Nhat International Airport,Arrived,AC007
FL0395,KE778,2025-11-09 10:26:49.119129,2025-11-09 21:26:49.119129,Sydney,Tan Son Nhat International Airport,Boarding,AC044
FL0396,JL165,2025-10-20 07:31:49.119129,2025-10-20 13:31:49.119129,Taipei,Tan Son Nhat International Airport,Boarding,AC013
FL0397,KE883,2025-10-17 00:42:49.119129,2025-10-17 10:42:49.119129,Seoul,Tan Son Nhat International Airport,Delayed,AC047
FL0398,BA609,2025-10-19 07:49:49.119129,2025-10-19 14:49:49.119129,Seoul,Tan Son Nhat International Airport,On Time,AC038
FL0399,AF935,2025-10-16 09:37:49.119129,2025-10-16 21:37:49.119129,Singapore,Tan Son Nhat International Airport,Departed,AC043
FL0400,KE407,2025-11-06 04:44:49.119129,2025-11-06 15:44:49.119129,London,Tan Son Nhat International Airport,On Time,AC031
